{
  "schedule" : {
    "0" : {
      "attendees" : "John, Max",
      "date" : "2019-04-16T21:00:00.000Z",
      "description" : "general discussion",
      "organizer" : "test@calendar.com",
      "place" : "2nd floor",
      "time" : "16:00",
      "title" : "Mid month"
    },
    "-L_2RpKWk5vXRCOaFpsX" : {
      "attendees" : "Nick, Mary",
      "date" : "2019-03-28T22:00:00.000Z",
      "description" : "Planning meeting",
      "organizer" : "test@calendar.com",
      "place" : "Room 1",
      "time" : "09:00",
      "title" : "Stand up"
    },
    "-L_2VYiIfDnlg0pLmB33" : {
      "attendees" : "george",
      "date" : "2019-03-21T22:00:00.000Z",
      "description" : "plan",
      "organizer" : "anto@calendar.com",
      "place" : "room2",
      "time" : "10:00",
      "title" : "test"
    },
    "-L_34oEP5GWCuYQ1FOzB" : {
      "attendees" : "George, Thanos",
      "date" : "2019-03-26T22:00:00.000Z",
      "description" : "planning",
      "organizer" : "test@calendar.com",
      "place" : "Home",
      "time" : "14:25",
      "title" : "New Event"
    },
    "-L_38V7SmC1yriFCwkoJ" : {
      "attendees" : "Antonis",
      "date" : "2019-04-11T21:00:00.000Z",
      "description" : "sprint",
      "organizer" : "test@calendar.com",
      "place" : "office",
      "time" : "12:10",
      "title" : "April meeting"
    },
    "-L_4QORw-25mT7yJT4mk" : {
      "attendees" : "Mike, Anna",
      "date" : "2019-03-28T22:00:00.000Z",
      "description" : "organizing schedule",
      "organizer" : "test@calendar.com",
      "place" : "Room 5",
      "time" : "02:10",
      "title" : "Org"
    },
    "-L_4UOyvcplwvDD5Os7G" : {
      "attendees" : "Mark, Jason",
      "date" : "2019-03-30T22:00:00.000Z",
      "description" : "org sum",
      "organizer" : "test@calendar.com",
      "place" : "skype",
      "time" : "16:20",
      "title" : "End of month event"
    },
    "-L_4Y-JeIWoQEUfK48a0" : {
      "attendees" : "John, Max",
      "date" : "2019-04-16T21:00:00.000Z",
      "description" : "general discussion",
      "organizer" : "test@calendar.com",
      "place" : "1st floor",
      "time" : "04:50",
      "title" : "Mid month"
    },
    "-L_7TIWdZjchSpO8w4HT" : {
      "attendees" : "Jack, Nick",
      "date" : "2019-03-26T22:00:00.000Z",
      "description" : "dont forget my ticket!",
      "organizer" : "test@calendar.com",
      "place" : "Rodon 7",
      "time" : "18:00",
      "title" : "Theater"
    },
    "-L_7uubtST6P8RTeOMrY" : {
      "attendees" : "Stathis, Thanos",
      "date" : "2019-03-26T22:00:00.000Z",
      "description" : "be there earlier",
      "organizer" : "test@calendar.com",
      "place" : "Home",
      "time" : "22:15",
      "title" : "Basket"
    },
    "-L_7w7kDPoI2tqIObuWY" : {
      "attendees" : "George",
      "date" : "2019-03-26T22:00:00.000Z",
      "description" : "Organize birthday party",
      "organizer" : "test@calendar.com",
      "place" : "Skype",
      "time" : "23:00",
      "title" : "Call George"
    }
  }
}
